transition_id,from_global_id,to_global_id,from_team_id,to_team_id,release_frame_proc,receive_frame_proc,receive_confirmed_frame_proc,transfer_gap_frames,source_evidence_frames,receiver_evidence_frames,start_x_m,start_y_m,end_x_m,end_y_m,dx_m,dy_m,displacement_m,classification,release_time_seconds,receive_time_seconds
0,23,3,team_1,team_1,42,49,51,6,6,3,22.45594633024265,8.692640279986309,22.97792480246137,8.303866353887718,0.52197847221872,-0.3887739260985903,0.651,same_team_directed_transition,1.4,1.633
1,3,18,team_1,team_0,68,100,102,31,3,4,25.35311321351731,6.713853864660459,27.924854117026236,5.223098378130667,2.5717409035089247,-1.4907554865297925,2.973,opponent_possession_change,2.267,3.333
2,18,10,team_0,team_0,103,104,106,0,4,7,28.070868299551726,5.227306630105345,28.15654811379569,5.1793441750463005,0.08567981424396365,-0.04796245505904473,0.098,same_team_short_or_stationary_transition,3.433,3.467
3,10,18,team_0,team_0,110,111,113,0,7,14,28.437989526703053,5.051745663677077,28.523408584609456,5.040771704853871,0.08541905790640314,-0.010973958823206509,0.086,same_team_short_or_stationary_transition,3.667,3.7
4,18,10,team_0,team_0,124,130,132,5,14,8,28.602166850722888,5.306120791302996,28.68245357036135,5.164005858494309,0.08028671963846179,-0.14211493280868748,0.163,same_team_short_or_stationary_transition,4.133,4.333
5,10,18,team_0,team_0,137,138,140,0,8,8,28.74780591241831,5.361635533285027,28.689740246016786,5.420927721979075,-0.05806566640152511,0.059292188694047177,0.083,same_team_short_or_stationary_transition,4.567,4.6
6,18,10,team_0,team_0,145,148,150,2,8,7,28.6866765152496,5.694665904838871,28.698627925221384,5.7340690929436,0.011951409971782567,0.0394031881047292,0.041,same_team_short_or_stationary_transition,4.833,4.933
7,10,18,team_0,team_0,154,155,157,0,7,3,28.744927124278377,5.925914959746232,28.7314485881336,6.007844613386969,-0.013478536144777564,0.08192965364073679,0.083,same_team_short_or_stationary_transition,5.133,5.167
8,18,3,team_0,team_1,157,166,168,8,3,8,28.728649620040013,6.035909916188085,27.52641999694913,7.160158055509853,-1.2022296230908829,1.124248139321768,1.646,opponent_possession_change,5.233,5.533
9,20,3,team_0,team_1,321,322,324,0,23,3,16.30651049023261,17.310143694570414,16.26914554417294,17.33556541086664,-0.037364946059671666,0.025421716296225583,0.045,opponent_possession_change,10.7,10.733
10,3,20,team_1,team_0,324,325,327,0,3,8,16.137933386441045,17.349871030101337,16.0956555460085,17.391392882451033,-0.042277840432543456,0.041521852349696076,0.059,opponent_possession_change,10.8,10.833
11,20,3,team_0,team_1,332,338,340,5,8,4,15.722871533165529,17.265596064685916,15.485981772873812,17.324072245332957,-0.23688976029171727,0.058476180647041076,0.244,opponent_possession_change,11.067,11.267
12,3,20,team_1,team_0,341,348,350,6,4,40,15.135390080650375,17.678704903199073,14.457513603938063,18.592718771769608,-0.6778764767123118,0.9140138685705352,1.138,opponent_possession_change,11.367,11.6
13,20,0,team_0,team_1,387,388,390,0,40,14,12.09125813409885,21.37003872276307,12.048264688713092,21.36319387693569,-0.04299344538575767,-0.006844845827380652,0.044,opponent_possession_change,12.9,12.933
14,0,13,team_1,team_0,416,417,419,0,12,6,13.17266550177123,21.441827016544917,13.227109546360852,21.45044709893798,0.05444404458962282,0.008620082393061779,0.055,opponent_possession_change,13.867,13.9
15,13,0,team_0,team_1,422,423,425,0,6,6,13.438965321732322,21.464964831422595,13.470603063866296,21.45324759054004,0.031637742133973745,-0.011717240882553881,0.034,opponent_possession_change,14.067,14.1
16,0,13,team_1,team_0,428,429,431,0,6,5,13.654789237775315,21.45491074872251,13.707395590520003,21.462867028326105,0.05260635274468761,0.007956279603593686,0.053,opponent_possession_change,14.267,14.3
17,13,0,team_0,team_1,433,434,436,0,5,3,13.821456457063839,21.478501228352286,13.921075707051237,21.494724127165217,0.09961924998739846,0.01622289881293071,0.101,opponent_possession_change,14.433,14.467
18,0,22,team_1,team_0,788,796,798,7,23,3,14.864851241859258,12.914677425633643,14.560742946765227,13.372367916565327,-0.30410829509403037,0.4576904909316841,0.55,opponent_possession_change,26.267,26.533
19,22,0,team_0,team_1,804,805,807,0,5,6,14.194378827061998,14.299918567582809,14.060858941425172,14.34911232492951,-0.13351988563682582,0.049193757346701616,0.142,opponent_possession_change,26.8,26.833
20,32,1,team_1,team_1,1077,1115,1117,37,4,30,16.3336799454394,1.7305414334993972,12.04043466121966,7.885934618402613,-4.29324528421974,6.155393184903216,7.505,same_team_directed_transition,35.9,37.167
21,32,16,team_1,team_1,1216,1256,1258,39,9,9,20.034449590388725,3.9306284702997027,24.379716424076133,2.946573376873555,4.345266833687408,-0.9840550934261478,4.455,same_team_directed_transition,40.533,41.867
22,16,25,team_1,team_0,1264,1279,1281,14,9,5,23.903714755070325,3.579463260273268,23.40343134679636,4.389874966620914,-0.5002834082739653,0.8104117063476459,0.952,opponent_possession_change,42.133,42.633
23,25,2,team_0,team_0,1283,1303,1305,19,5,4,23.302003620569284,4.423461087880781,21.96515173066669,4.728428494267966,-1.3368518899025936,0.3049674063871848,1.371,same_team_directed_transition,42.767,43.433
24,0,14,team_1,team_0,2982,3026,3028,43,15,4,17.46765277562067,14.702653970765903,22.897414748095567,14.452481318051738,5.429761972474896,-0.25017265271416456,5.436,opponent_possession_change,99.4,100.867
25,14,0,team_0,team_1,3062,3063,3065,0,28,5,24.91814779897982,14.206980671756124,24.890972859386338,14.204514046286386,-0.027174939593482605,-0.002466625469738304,0.027,opponent_possession_change,102.067,102.1
26,0,14,team_1,team_0,3067,3068,3070,0,5,5,24.966753300224187,14.187524317862488,24.98486023811523,14.1599075271121,0.018106937891040786,-0.02761679075038792,0.033,opponent_possession_change,102.233,102.267
27,14,5,team_0,team_0,3072,3103,3105,30,5,19,25.048040826250904,14.11856138114234,26.007990020792604,13.363837420136054,0.9599491945417,-0.7547239610062864,1.221,same_team_directed_transition,102.4,103.433
28,14,13,team_0,team_0,3282,3283,3285,0,26,18,25.471686002420878,14.715040574436873,25.48754949811426,14.621103541160723,0.01586349569338097,-0.09393703327615022,0.095,same_team_short_or_stationary_transition,109.4,109.433
29,13,6,team_0,team_1,3300,3301,3303,0,18,25,25.586795923526598,13.406516237023046,25.589894279305543,13.372669989288696,0.0030983557789454608,-0.033846247734350854,0.034,opponent_possession_change,110.0,110.033
30,6,0,team_1,team_1,3345,3346,3348,0,16,67,24.981716986889126,12.359703726221738,24.955592749969796,12.484236041715473,-0.026124236919329746,0.12453231549373456,0.127,same_team_short_or_stationary_transition,111.5,111.533
31,11,0,team_1,team_1,3877,3906,3908,28,145,17,12.04989160303112,7.960477123350736,13.272997315774036,15.828260195481697,1.2231057127429157,7.867783072130961,7.962,same_team_directed_transition,129.233,130.2
32,20,22,team_0,team_0,4044,4045,4047,0,3,12,30.195015583473868,19.41877856881282,30.255389810478878,19.176563209559788,0.06037422700500983,-0.24221535925303073,0.25,same_team_short_or_stationary_transition,134.8,134.833
33,22,1,team_0,team_1,4056,4076,4078,19,12,27,30.784418939643956,17.855093517087987,31.590783915163595,15.403983462524451,0.8063649755196387,-2.451110054563536,2.58,opponent_possession_change,135.2,135.867
34,1,11,team_1,team_1,4113,4114,4116,0,7,10,31.5875004108712,11.776244923531317,31.53022555148922,11.688739839209834,-0.05727485938198029,-0.0875050843214833,0.105,same_team_short_or_stationary_transition,137.1,137.133
35,11,12,team_1,team_0,4123,4140,4142,16,10,6,31.25536275005255,10.674101059766798,30.677095378316512,9.24732997260519,-0.5782673717360396,-1.4267710871616082,1.54,opponent_possession_change,137.433,138.0
36,12,1,team_0,team_1,4169,4172,4174,2,4,18,30.92644173567454,7.576702827953018,30.39244505396556,8.066410766348378,-0.533996681708981,0.48970793839535975,0.725,opponent_possession_change,138.967,139.067
37,1,12,team_1,team_0,4207,4208,4210,0,3,16,27.679761621917187,7.969350043982772,27.637748635986878,8.048162537297015,-0.042012985930309554,0.07881249331424378,0.089,opponent_possession_change,140.233,140.267
38,12,1,team_0,team_1,4223,4224,4226,0,16,3,26.624835322651307,8.244857773001499,26.589078590484405,8.273112597102015,-0.03575673216690234,0.028254824100516274,0.046,opponent_possession_change,140.767,140.8
39,1,12,team_1,team_0,4226,4229,4231,2,3,20,26.422750505576246,8.477595196307853,26.169517528922515,8.487610502261214,-0.2532329766537309,0.01001530595336142,0.253,opponent_possession_change,140.867,140.967
40,12,1,team_0,team_1,4320,4321,4323,0,8,4,18.75672721622096,12.161256756853602,18.742965792159097,12.008798749189118,-0.01376142406186176,-0.15245800766448347,0.153,opponent_possession_change,144.0,144.033
41,1,12,team_1,team_0,4324,4325,4327,0,4,6,18.519737770499503,11.778665220813926,18.511516380621046,11.706627519391093,-0.00822138987845733,-0.07203770142283261,0.073,opponent_possession_change,144.133,144.167
42,12,1,team_0,team_1,4330,4331,4333,0,6,33,18.68558700709006,12.374201806328822,18.7467526765165,12.422931762189497,0.06116566942644042,0.048729955860675744,0.078,opponent_possession_change,144.333,144.367
43,1,23,team_1,team_1,4433,4476,4478,42,12,3,23.604525965409426,9.152828481645654,27.24044511457613,4.2577271252173645,3.6359191491667033,-4.89510135642829,6.098,same_team_directed_transition,147.767,149.2
44,25,12,team_0,team_0,4642,4677,4679,34,7,21,35.36145715502083,4.691976483230274,37.73105320347973,7.444035165670495,2.3695960484589023,2.7520586824402207,3.632,same_team_directed_transition,154.733,155.9
45,12,11,team_0,team_1,4697,4699,4701,1,21,7,38.138062232511125,9.335983847543758,38.14030236233063,9.298138780634483,0.0022401298195049435,-0.03784506690927536,0.038,opponent_possession_change,156.567,156.633
46,23,1,team_1,team_1,5385,5386,5388,0,7,20,19.887651487598436,8.814349526688916,19.906802672482957,8.822707644216521,0.019151184884520944,0.008358117527604847,0.021,same_team_short_or_stationary_transition,179.5,179.533
47,1,23,team_1,team_1,5405,5409,5411,3,20,15,20.069154726291174,8.763450894174882,20.083531440517966,8.774023691114902,0.014376714226791876,0.010572796940019558,0.018,same_team_short_or_stationary_transition,180.167,180.3
48,23,20,team_1,team_0,5423,5424,5426,0,15,3,20.55701976238808,9.719143005081031,20.613447103662757,9.796363784515494,0.05642734127467719,0.07722077943446237,0.096,opponent_possession_change,180.767,180.8
49,20,1,team_0,team_1,5433,5434,5436,0,6,4,21.033697460220733,10.757017229861322,21.09018112443951,10.889594473349842,0.05648366421877782,0.13257724348851951,0.144,opponent_possession_change,181.1,181.133
50,1,20,team_1,team_0,5437,5439,5441,1,4,5,21.2034563042264,11.123850764250378,21.28428545249378,11.366076741575723,0.08082914826738019,0.24222597732534545,0.255,opponent_possession_change,181.233,181.3
51,20,23,team_0,team_1,5494,5495,5497,0,40,9,23.230083843490764,14.718302669431116,23.229701799404832,14.665502304665281,-0.00038204408593145445,-0.05280036476583483,0.053,opponent_possession_change,183.133,183.167
52,23,1,team_1,team_1,5503,5538,5540,34,9,100,23.39879327793692,14.400267450315416,21.276678379801705,13.529484698600383,-2.122114898135216,-0.8707827517150335,2.294,same_team_directed_transition,183.433,184.6
53,1,15,team_1,team_1,5637,5669,5671,31,100,35,12.921241856582574,12.35276392641464,15.556611666370868,7.181164074332979,2.635369809788294,-5.171599852081662,5.804,same_team_directed_transition,187.9,188.967
54,15,11,team_1,team_1,5737,5779,5781,41,16,33,20.576228181283582,6.262509333454813,27.180821467371306,4.246430842452056,6.604593286087724,-2.016078491002757,6.905,same_team_directed_transition,191.233,192.633
55,22,20,team_0,team_0,6375,6409,6411,33,125,51,22.248384805651078,11.285784058089813,21.005881967753886,10.807110797129692,-1.2425028378971916,-0.47867326096012164,1.332,same_team_directed_transition,212.5,213.633
56,20,17,team_0,team_0,6459,6467,6469,7,51,16,21.915791085265734,11.231810691147238,22.263846244186066,11.537617290719645,0.34805515892033156,0.3058065995724064,0.463,same_team_short_or_stationary_transition,215.3,215.567
57,17,5,team_0,team_0,6602,6636,6638,33,99,48,22.456191766774353,11.434250231640988,27.753951329167922,13.47291491026376,5.297759562393569,2.038664678622773,5.676,same_team_directed_transition,220.067,221.2
58,5,3,team_0,team_1,6683,6692,6694,8,48,3,26.285741128822412,12.604145246267775,24.019763468006705,12.836048306364553,-2.2659776608157074,0.2319030600967782,2.278,opponent_possession_change,222.767,223.067
59,3,19,team_1,team_1,6694,6699,6701,4,3,54,23.729432048159566,12.449162279749553,23.164783476349637,12.792616511876545,-0.5646485718099292,0.34345423212699266,0.661,same_team_directed_transition,223.133,223.3
60,19,17,team_1,team_0,6752,6753,6755,0,54,5,20.713388245786216,13.066904755024831,20.679530494029052,12.965906298439343,-0.03385775175716432,-0.10099845658548823,0.107,opponent_possession_change,225.067,225.1
61,17,19,team_0,team_1,6757,6758,6760,0,5,12,20.531865990848686,13.312787265774988,20.53316299766421,13.368125774499436,0.0012970068155233605,0.05533850872444823,0.055,opponent_possession_change,225.233,225.267
62,19,17,team_1,team_0,6769,6801,6803,31,12,3,20.210929140418514,13.74271193518974,16.566532880280644,11.811989182239584,-3.6443962601378708,-1.9307227529501567,4.124,opponent_possession_change,225.633,226.7
63,18,20,team_0,team_0,7368,7410,7412,41,6,4,34.497662929953066,12.381377310197871,32.83864553546424,19.30206742798501,-1.6590173944888278,6.920690117787137,7.117,same_team_directed_transition,245.6,247.0
64,14,20,team_0,team_0,7725,7726,7728,0,13,4,29.258893784249064,15.597857409873777,29.243327545319886,15.697562363255212,-0.015566238929178411,0.09970495338143515,0.101,same_team_short_or_stationary_transition,257.5,257.533
65,20,14,team_0,team_0,7729,7730,7732,0,4,4,29.498474800653188,15.631026594586857,29.480648947203456,15.668175413560727,-0.01782585344973242,0.037148818973870235,0.041,same_team_short_or_stationary_transition,257.633,257.667
66,14,20,team_0,team_0,7733,7734,7736,0,4,8,29.40786793277415,15.912248903095122,29.425904706590227,15.892991028995334,0.018036773816078266,-0.019257874099787742,0.026,same_team_short_or_stationary_transition,257.767,257.8
67,20,5,team_0,team_0,7741,7742,7744,0,8,14,29.55159118674724,15.91269643766998,29.57876221313338,15.867019384954276,0.027171026386142216,-0.0456770527157051,0.053,same_team_short_or_stationary_transition,258.033,258.067
68,5,0,team_0,team_1,7770,7776,7778,5,12,6,29.57360560575615,15.704824315504935,29.940384117940866,15.836745276983383,0.366778512184716,0.131920961478448,0.39,opponent_possession_change,259.0,259.2
69,0,5,team_1,team_0,7781,7782,7784,0,6,17,29.844736086723504,16.15869817588828,29.83289039566407,16.22872161710216,-0.011845691059434671,0.07002344121388049,0.071,opponent_possession_change,259.367,259.4
70,5,1,team_0,team_1,7798,7813,7815,14,17,13,29.943162714698495,16.40137009720514,26.480302221476517,17.80666918364506,-3.462860493221978,1.4052990864399177,3.737,opponent_possession_change,259.933,260.433
71,19,14,team_1,team_0,8266,8267,8269,0,20,12,16.165145745222656,15.390943662160838,16.405870362166684,15.589854250550994,0.24072461694402847,0.19891058839015585,0.312,opponent_possession_change,275.533,275.567
72,14,19,team_0,team_1,8278,8290,8292,11,12,24,18.033090786090437,16.58688339158617,19.309568929508828,17.386360722658676,1.276478143418391,0.7994773310725058,1.506,opponent_possession_change,275.933,276.333
73,2,29,team_0,team_0,10970,10971,10973,0,4,31,1.813114022290833,9.743482227435605,1.8065710620369635,9.79789480236464,-0.006542960253869579,0.05441257492903517,0.055,same_team_short_or_stationary_transition,365.667,365.7
74,14,20,team_0,team_0,11119,11125,11127,5,22,35,22.46204882038486,17.1971439438952,22.138356919622865,17.50530470567744,-0.3236919007619967,0.30816076178223994,0.447,same_team_short_or_stationary_transition,370.633,370.833
75,20,1,team_0,team_1,11159,11164,11166,4,35,7,21.693319860767666,17.93318928955844,20.157648278382393,17.027915171929255,-1.5356715823852731,-0.9052741176291867,1.783,opponent_possession_change,371.967,372.133
76,11,19,team_1,team_1,11794,11802,11804,7,5,39,7.694585631342425,13.687021326455575,7.806958618436647,13.914626822940043,0.11237298709422205,0.22760549648446826,0.254,same_team_short_or_stationary_transition,393.133,393.4
77,19,0,team_1,team_1,12764,12791,12793,26,46,9,18.49338873104294,12.135587026790494,20.597037413584797,17.885396721274528,2.1036486825418557,5.749809694484034,6.123,same_team_directed_transition,425.467,426.367
78,1,23,team_1,team_1,12927,12928,12930,0,6,3,26.744232454314908,11.17070701416227,26.634813829958834,11.146597520269218,-0.10941862435607419,-0.024109493893051948,0.112,same_team_short_or_stationary_transition,430.9,430.933
79,23,1,team_1,team_1,12930,12931,12933,0,3,6,26.511183561180538,11.1176627151664,26.419580869546703,11.104203870503344,-0.09160269163383461,-0.013458844663055913,0.093,same_team_short_or_stationary_transition,431.0,431.033
80,1,5,team_1,team_0,12936,12968,12970,31,6,6,26.072712835533512,11.092360843406388,24.37573674411136,11.192998946029887,-1.696976091422151,0.10063810262349904,1.7,opponent_possession_change,431.2,432.267
81,5,6,team_0,team_1,12989,12990,12992,0,5,11,24.934482211331485,12.220453354657922,24.944534913889594,12.222593487223968,0.010052702558109416,0.002140132566045949,0.01,opponent_possession_change,432.967,433.0
82,6,14,team_1,team_0,13025,13057,13059,31,7,5,25.245876135331315,13.612164491547498,26.154312800776086,13.2429728295294,0.9084366654447713,-0.36919166201809794,0.981,opponent_possession_change,434.167,435.233
83,14,5,team_0,team_0,13061,13062,13064,0,5,3,26.31776553994037,13.188675227575512,26.296540618421837,13.102656282247755,-0.0212249215185345,-0.08601894532775667,0.089,same_team_short_or_stationary_transition,435.367,435.4
84,5,13,team_0,team_0,13075,13076,13078,0,4,3,25.97896872948939,12.344284286480022,25.967600259442,12.263731029592314,-0.011368470047390389,-0.08055325688770765,0.081,same_team_short_or_stationary_transition,435.833,435.867
85,13,5,team_0,team_0,13078,13082,13084,3,3,9,25.93293970929805,12.147878538237908,25.92197438543216,12.01139768349295,-0.010965323865889332,-0.13648085474495808,0.137,same_team_short_or_stationary_transition,435.933,436.067
86,5,3,team_0,team_1,13125,13128,13130,2,8,3,25.176339008483534,10.923115175803177,25.213735273242154,10.579046215982823,0.03739626475861968,-0.3440689598203548,0.346,opponent_possession_change,437.5,437.6
87,3,13,team_1,team_0,13130,13131,13133,0,3,10,25.16756535746605,10.880888085046706,25.198284135618643,10.782847518259318,0.030718778152593273,-0.09804056678738782,0.103,opponent_possession_change,437.667,437.7
88,13,5,team_0,team_0,13140,13143,13145,2,10,54,25.063619947831715,11.204268152215844,24.987584106944972,11.368235178015277,-0.07603584088674253,0.16396702579943323,0.181,same_team_short_or_stationary_transition,438.0,438.1
89,5,20,team_0,team_0,13212,13213,13215,0,4,10,23.076407201672662,12.595955663875534,23.033943179094265,12.616632518638273,-0.042464022578396765,0.020676854762738728,0.047,same_team_short_or_stationary_transition,440.4,440.433
90,20,0,team_0,team_1,13222,13249,13251,26,10,13,22.414073722795816,12.39537267170922,17.38587587474295,13.990781579833731,-5.028197848052866,1.5954089081245115,5.275,opponent_possession_change,440.733,441.633
91,0,1,team_1,team_1,13261,13262,13264,0,13,8,18.0765276165983,14.717328214267322,18.157833771143377,14.765096000907125,0.08130615454507506,0.04776778663980252,0.094,same_team_short_or_stationary_transition,442.033,442.067
92,1,20,team_1,team_0,13302,13303,13305,0,3,6,19.381580735628262,14.575475339139908,19.360160313022305,14.619084332814063,-0.021420422605956446,0.04360899367415527,0.049,opponent_possession_change,443.4,443.433
93,20,1,team_0,team_1,13317,13323,13325,5,7,14,19.25231247121839,14.430251382497353,19.28719943652604,14.739231678539154,0.03488696530765267,0.3089802960418009,0.311,opponent_possession_change,443.9,444.1
94,1,0,team_1,team_1,13336,13370,13372,33,14,8,18.843001968001634,14.297320886110693,16.68091931056428,12.441743272195314,-2.1620826574373524,-1.8555776139153792,2.849,same_team_directed_transition,444.533,445.667
95,0,19,team_1,team_1,13377,13382,13384,4,8,10,16.111520455976446,11.97928088901901,15.516489899727226,11.695475915418523,-0.5950305562492204,-0.2838049736004873,0.659,same_team_directed_transition,445.9,446.067
96,19,11,team_1,team_1,13399,13443,13445,43,5,8,13.6746231773955,10.928471530896637,16.52621434225509,6.160928193572269,2.8515911648595917,-4.767543337324368,5.555,same_team_directed_transition,446.633,448.1
97,16,35,team_1,team_1,15130,15161,15163,30,5,9,40.00242142250686,3.4812225726954793,41.66308578375595,-0.07057565434309372,1.66066436124909,-3.551798227038573,3.921,same_team_directed_transition,504.333,505.367
98,11,1,team_1,team_1,15291,15293,15295,1,3,4,29.378703979994736,6.308977706830334,28.50795686272895,8.701818592791389,-0.8707471172657861,2.3928408859610544,2.546,same_team_directed_transition,509.7,509.767
99,25,10,team_0,team_0,16821,16826,16828,4,10,91,15.536049496478423,3.177313788828753,16.15837759525601,3.84002031476573,0.6223280987775865,0.6627065259369771,0.909,same_team_directed_transition,560.7,560.867
100,10,1,team_0,team_1,17238,17254,17256,15,3,5,16.048737630206897,3.5358052756655067,16.735527116226514,3.4437443710884206,0.6867894860196166,-0.09206090457708616,0.693,opponent_possession_change,574.6,575.133
101,1,10,team_1,team_0,17258,17259,17261,0,5,43,17.233600237162257,4.595602587216894,17.30643970145636,4.664026799221528,0.07283946429410193,0.06842421200463367,0.1,opponent_possession_change,575.267,575.3
102,10,1,team_0,team_1,17323,17324,17326,0,3,4,20.56844677046392,8.634241742328362,20.650891472215434,8.757855283488482,0.08244470175151619,0.12361354116012002,0.149,opponent_possession_change,577.433,577.467
103,1,2,team_1,team_0,17358,17364,17366,5,7,37,22.605350778156453,11.798307505542182,22.902173649596186,12.372603646085695,0.2968228714397334,0.5742961405435132,0.646,opponent_possession_change,578.6,578.8
104,2,1,team_0,team_1,17400,17401,17403,0,37,6,24.536934623058105,15.245327216649432,24.533688059694647,15.315187835345782,-0.003246563363457966,0.06986061869634952,0.07,opponent_possession_change,580.0,580.033
105,1,2,team_1,team_0,17425,17435,17437,9,3,11,25.87099591158131,16.08579951406984,26.497496407957225,16.232968628818167,0.6265004963759147,0.14716911474832628,0.644,opponent_possession_change,580.833,581.167
106,6,10,team_1,team_0,17815,17841,17843,25,52,4,24.778339861681665,0.746272692478103,24.97368062251604,7.766153561581433,0.19534076083437313,7.01988086910333,7.023,opponent_possession_change,593.833,594.7
107,10,22,team_0,team_0,17855,17856,17858,0,4,4,25.72982655264422,8.286531553486407,25.72298994184744,8.881019307240999,-0.006836610796778331,0.5944877537545921,0.595,same_team_directed_transition,595.167,595.2
108,22,10,team_0,team_0,17859,17860,17862,0,4,4,26.045607275895527,8.689568558190114,26.222155948304632,8.286626353558916,0.17654867240910477,-0.40294220463119856,0.44,same_team_short_or_stationary_transition,595.3,595.333
109,10,11,team_0,team_1,17863,17864,17866,0,4,3,26.70698707764774,7.819515548648473,26.80085426670998,8.053544815520791,0.0938671890622409,0.23402926687231762,0.252,opponent_possession_change,595.433,595.467
110,11,22,team_1,team_0,17866,17867,17869,0,3,5,26.880744985445844,8.360371257984443,26.882175098170517,8.879203610994091,0.0014301127246731937,0.5188323530096479,0.519,opponent_possession_change,595.533,595.567
111,22,5,team_0,team_0,17892,17927,17929,34,4,10,28.01710802198384,11.851614517294747,32.4239017590289,12.42195654073855,4.40679373704506,0.5703420234438035,4.444,same_team_directed_transition,596.4,597.567
112,10,12,team_0,team_0,18152,18197,18199,44,4,19,31.529604586941886,12.658448274716992,35.70118360099936,11.386842593332974,4.171579014057471,-1.2716056813840186,4.361,same_team_directed_transition,605.067,606.567
113,12,13,team_0,team_0,18248,18249,18251,0,11,70,37.72802005371962,14.764907489408438,37.804751348402654,14.766413766620191,0.07673129468303586,0.0015062772117531154,0.077,same_team_short_or_stationary_transition,608.267,608.3
114,1,8,team_1,team_1,18916,18958,18960,41,7,16,23.92319383633871,6.310963043096614,26.9536527278862,7.4791611002354035,3.0304588915474895,1.168198057138789,3.248,same_team_directed_transition,630.533,631.933
115,8,3,team_1,team_1,18973,18974,18976,0,16,4,27.503883558104143,8.287754187724087,27.54267851309037,8.331016231470567,0.038794954986226315,0.04326204374648057,0.058,same_team_short_or_stationary_transition,632.433,632.467
116,1,22,team_1,team_0,19102,19103,19105,0,11,10,28.096694574279205,12.475161348924537,28.122353555186205,12.570908366605838,0.02565898090700003,0.09574701768130112,0.099,opponent_possession_change,636.733,636.767
117,22,20,team_0,team_0,19112,19113,19115,0,10,7,28.391121751558792,13.012754264025213,28.419359454779784,13.079148702051453,0.028237703220991506,0.06639443802624001,0.072,same_team_short_or_stationary_transition,637.067,637.1
118,20,22,team_0,team_0,19119,19120,19122,0,7,6,28.64697234776747,13.3039832987167,28.632890988201762,13.329591891714324,-0.014081359565707885,0.025608592997624413,0.029,same_team_short_or_stationary_transition,637.3,637.333
119,22,20,team_0,team_0,19125,19126,19128,0,6,11,28.887174305305038,13.220458436069535,29.02048970047518,13.18670648526521,0.13331539517014335,-0.03375195080432469,0.138,same_team_short_or_stationary_transition,637.5,637.533
120,20,5,team_0,team_0,19136,19139,19141,2,11,16,29.56029119451386,14.22517400360918,29.6432135811018,14.38708737039777,0.08292238658794204,0.1619133667885908,0.182,same_team_short_or_stationary_transition,637.867,637.967
121,5,19,team_0,team_1,19154,19155,19157,0,16,3,29.72386070444205,15.094877869878845,29.69668990871977,15.150296449559432,-0.02717079572228087,0.0554185796805875,0.062,opponent_possession_change,638.467,638.5
122,8,20,team_1,team_0,20077,20078,20080,0,5,5,9.449824912023656,15.740396889775724,9.866080055475544,15.946876772220659,0.4162551434518882,0.20647988244493476,0.465,opponent_possession_change,669.233,669.267
123,20,1,team_0,team_1,20119,20125,20127,5,5,4,14.520754682996925,14.964306133385898,14.421479082489737,14.379534911262507,-0.09927560050718753,-0.5847712221233916,0.593,opponent_possession_change,670.633,670.833
124,1,20,team_1,team_0,20128,20142,20144,13,4,20,14.306681944485593,14.10673263641353,15.33993381180068,11.961119373435032,1.0332518673150872,-2.1456132629784985,2.381,opponent_possession_change,670.933,671.4
125,20,8,team_0,team_1,20161,20176,20178,14,20,4,16.535367222323078,10.653605148680029,16.745225653042436,9.501430962995654,0.2098584307193576,-1.152174185684375,1.171,opponent_possession_change,672.033,672.533
126,8,20,team_1,team_0,20179,20204,20206,24,4,5,16.507718668218804,9.209077997291244,17.470833018832604,10.401727911581188,0.9631143506138002,1.1926499142899445,1.533,opponent_possession_change,672.633,673.467
127,20,22,team_0,team_0,20228,20229,20231,0,3,4,18.659539847519373,10.35752275380445,18.74888360619698,10.332618114038217,0.08934375867760735,-0.02490463976623225,0.093,same_team_short_or_stationary_transition,674.267,674.3
128,22,8,team_0,team_1,20264,20265,20267,0,5,5,19.610827692236974,9.84424460563446,19.62588210578855,9.82142579220771,0.015054413551574441,-0.022818813426749074,0.027,opponent_possession_change,675.467,675.5
129,20,15,team_0,team_1,20397,20435,20437,37,4,3,29.676999810301773,5.755948772921879,28.43684500129629,4.580790986320343,-1.2401548090054817,-1.1751577866015355,1.709,opponent_possession_change,679.9,681.167
130,15,3,team_1,team_1,20448,20486,20488,37,10,4,28.199544859802437,4.413200096835417,28.237760931778677,3.824404730100443,0.03821607197624033,-0.5887953667349737,0.59,same_team_directed_transition,681.6,682.867
131,25,35,team_0,team_1,20906,20912,20914,5,6,17,38.564884824543505,6.969093721241724,38.96776809843507,6.792879051410975,0.4028832738915682,-0.17621466983074896,0.44,opponent_possession_change,696.867,697.067
132,14,25,team_0,team_0,21175,21177,21179,1,9,6,37.328039245558536,7.570825537753377,37.32168309686423,7.750755520854893,-0.006356148694308672,0.1799299831015162,0.18,same_team_short_or_stationary_transition,705.833,705.9
133,25,13,team_0,team_0,21199,21219,21221,19,9,9,37.006592656425624,7.906245905096106,35.77083492838072,9.139026566894357,-1.2357577280449021,1.2327806617982509,1.746,same_team_directed_transition,706.633,707.3
134,13,1,team_0,team_1,21227,21228,21230,0,9,14,35.602888877928805,9.753578904091942,35.543409865820834,9.791960229061766,-0.05947901210797113,0.038381324969824604,0.071,opponent_possession_change,707.567,707.6
135,1,13,team_1,team_0,21241,21247,21249,5,14,21,35.464429746626536,10.539423655026178,36.05646717067571,10.493824895048952,0.5920374240491739,-0.04559875997722607,0.594,opponent_possession_change,708.033,708.233
136,19,25,team_1,team_0,22032,22033,22035,0,4,11,30.362569305876857,5.370421694458132,30.319942440479238,5.321918691458565,-0.04262686539761873,-0.048503002999567,0.065,opponent_possession_change,734.4,734.433
137,25,19,team_0,team_1,22052,22053,22055,0,4,3,30.39142791737826,4.70260797969733,30.402098307402696,4.718780636795275,0.010670390024436927,0.01617265709794502,0.019,opponent_possession_change,735.067,735.1
138,23,25,team_1,team_0,22593,22602,22604,8,3,11,33.82722369413296,8.817952736463836,34.412396091907944,8.955493420458806,0.5851723977749828,0.13754068399497044,0.601,opponent_possession_change,753.1,753.4
139,25,13,team_0,team_0,22612,22615,22617,2,11,4,35.019957641605274,9.06731954557571,35.21627773246602,9.08954722066714,0.19632009086074476,0.022227675091428978,0.198,same_team_short_or_stationary_transition,753.733,753.833
140,3,26,team_1,team_1,22989,22990,22992,0,4,5,32.98244687855129,9.960199651874994,32.91361926263958,10.056533461378818,-0.06882761591171516,0.09633380950382353,0.118,same_team_short_or_stationary_transition,766.3,766.333
141,26,3,team_1,team_1,22994,22998,23000,3,5,3,33.027152476709354,9.897750626316197,33.03472880151183,9.995984053188248,0.007576324802478496,0.09823342687205106,0.099,same_team_short_or_stationary_transition,766.467,766.6
142,5,3,team_0,team_1,24130,24131,24133,0,16,5,27.249307402592702,18.909514927037907,27.09915380250886,19.06038714719113,-0.15015360008384349,0.15087222015322155,0.213,opponent_possession_change,804.333,804.367
143,3,22,team_1,team_0,24135,24136,24138,0,5,7,26.68461028847903,19.473093612196507,26.549317225497102,19.60816973036899,-0.13529306298192623,0.13507611817248133,0.191,opponent_possession_change,804.5,804.533
144,22,38,team_0,team_1,24169,24170,24172,0,18,5,25.091193571242496,19.176332366759546,25.05077345936745,19.167431346735917,-0.04042011187504713,-0.008901020023628803,0.041,opponent_possession_change,805.633,805.667
145,38,3,team_1,team_1,24174,24182,24184,7,5,6,24.98197226057708,19.03193754924585,26.974706225083672,17.496128437783266,1.9927339645065913,-1.5358091114625836,2.516,same_team_directed_transition,805.8,806.067
146,3,19,team_1,team_1,24187,24224,24226,36,6,6,27.016303169214115,17.18696861736702,26.54836242551159,14.547207773623336,-0.46794074370252403,-2.6397608437436855,2.681,same_team_directed_transition,806.233,807.467
147,19,8,team_1,team_1,24229,24245,24247,15,6,20,26.54601665479607,14.22742210014147,26.624646169665237,13.73267188240107,0.07862951486916714,-0.49475021774039973,0.501,same_team_directed_transition,807.633,808.167
148,11,19,team_1,team_1,25105,25141,25143,35,16,4,28.342056568767028,5.6157641515543775,25.596648677127988,4.612165847806735,-2.74540789163904,-1.0035983037476424,2.923,same_team_directed_transition,836.833,838.033
149,19,11,team_1,team_1,25163,25209,25211,45,4,8,24.518164130816764,4.324540357063827,25.898902096891156,1.522740332371702,1.380737966074392,-2.8018000246921253,3.124,same_team_directed_transition,838.767,840.3
150,23,10,team_1,team_0,26247,26292,26294,44,3,3,10.026919890856655,4.4053842602939834,12.085128724676057,5.295376922643919,2.0582088338194016,0.8899926623499352,2.242,opponent_possession_change,874.9,876.4
151,11,38,team_1,team_1,28001,28002,28004,0,4,3,28.678830999552005,4.689461178997998,28.682047511524058,5.067802652335631,0.003216511972052416,0.3783414733376329,0.378,same_team_short_or_stationary_transition,933.367,933.4
152,38,1,team_1,team_1,28004,28020,28022,15,3,7,28.68893618306945,5.434083746474614,28.71855769593133,8.811420153285999,0.02962151286187975,3.377336406811385,3.377,same_team_directed_transition,933.467,934.0
153,10,16,team_0,team_1,28171,28174,28176,2,14,5,23.448734478724464,8.499839266094115,23.094963402074328,8.516787802612278,-0.35377107665013696,0.016948536518162527,0.354,opponent_possession_change,939.033,939.133
154,14,6,team_0,team_1,28338,28339,28341,0,6,3,14.332904326312116,9.814557871090818,14.37755222116455,9.763038824075544,0.04464789485243337,-0.05151904701527421,0.068,opponent_possession_change,944.6,944.633
155,6,14,team_1,team_0,28341,28342,28344,0,3,3,14.609613809107023,9.677331426767578,14.77212396722596,9.680884343890241,0.16251015811893765,0.003552917122663146,0.163,opponent_possession_change,944.7,944.733
156,14,6,team_0,team_1,28344,28345,28347,0,3,6,14.994513995983315,9.744691342581751,15.139156157040084,9.757236569796772,0.14464216105676897,0.01254522721502127,0.145,opponent_possession_change,944.8,944.833
157,6,14,team_1,team_0,28350,28351,28353,0,6,13,15.725833747083339,9.807784765472777,15.847554603810867,9.831969748562816,0.12172085672752786,0.02418498309003958,0.124,opponent_possession_change,945.0,945.033
158,2,4,team_0,team_0,28902,28929,28931,26,5,28,36.9203767729205,15.434588238168043,39.75775968472583,13.651576198735208,2.837382911805335,-1.783012039432835,3.351,same_team_directed_transition,963.4,964.3
159,20,2,team_0,team_0,29594,29615,29617,20,122,31,22.777575831314127,10.81373938427803,25.498250641467674,8.607939454508216,2.7206748101535467,-2.205799929769814,3.503,same_team_directed_transition,986.467,987.167
160,2,5,team_0,team_0,29659,29669,29671,9,7,16,27.023962070284725,7.543435728839698,26.20444805455949,6.184847564602745,-0.8195140157252361,-1.3585881642369522,1.587,same_team_directed_transition,988.633,988.967
161,5,12,team_0,team_0,29759,29780,29782,20,4,3,26.707149545177124,6.35116263007316,26.48631076040912,5.619400990410966,-0.22083878476800578,-0.731761639662194,0.764,same_team_directed_transition,991.967,992.667
162,16,8,team_1,team_1,29964,29965,29967,0,14,18,23.14421311032353,3.4630913843274733,23.134365750444584,3.4470444451058837,-0.009847359878946804,-0.016046939221589618,0.019,same_team_short_or_stationary_transition,998.8,998.833
163,8,16,team_1,team_1,29982,29992,29994,9,18,29,22.982063875619637,4.649305755175389,24.147611530611687,5.647241040908282,1.16554765499205,0.9979352857328934,1.534,same_team_directed_transition,999.4,999.733
164,25,29,team_0,team_0,31229,31244,31246,14,4,4,13.12201703587557,-0.42157712936334246,12.826397388416524,-0.1580385784912245,-0.2956196474590467,0.26353855087211797,0.396,same_team_short_or_stationary_transition,1040.967,1041.467
165,16,2,team_1,team_0,31867,31883,31885,15,24,4,10.121871952512253,5.6079557504949396,11.223006441811398,7.281721710764227,1.1011344892991453,1.6737659602692876,2.003,opponent_possession_change,1062.233,1062.767
166,2,16,team_0,team_1,31886,31887,31889,0,4,23,11.271207707105306,7.426148103483138,11.401797212023329,7.65991424359622,0.13058950491802257,0.23376614011308217,0.268,opponent_possession_change,1062.867,1062.9
167,16,20,team_1,team_0,32017,32018,32020,0,21,14,28.76246869077803,14.679161286226881,28.851291491166887,14.747228146251555,0.08882280038885781,0.06806686002467366,0.112,opponent_possession_change,1067.233,1067.267
168,23,5,team_1,team_0,32215,32227,32229,11,8,5,30.689015998205825,7.593455794433891,31.343311966368244,6.987526399471388,0.654295968162419,-0.6059293949625024,0.892,opponent_possession_change,1073.833,1074.233
169,5,2,team_0,team_0,32231,32232,32234,0,5,3,31.498106139384895,6.885559937194782,31.55843934592263,6.839589677425974,0.06033320653773444,-0.045970259768807864,0.076,same_team_short_or_stationary_transition,1074.367,1074.4
170,30,2,team_1,team_0,32663,32693,32695,29,5,50,0.4494353290596167,9.357633546891142,3.788794274238861,7.383111096108058,3.3393589451792445,-1.974522450783084,3.879,opponent_possession_change,1088.767,1089.767
171,19,0,team_1,team_1,33182,33216,33218,33,17,47,22.08727765184923,10.99450960438502,16.97189033378475,14.047852751089028,-5.1153873180644815,3.053343146704009,5.957,same_team_directed_transition,1106.067,1107.2
172,0,6,team_1,team_1,33262,33288,33290,25,47,16,20.639320582718856,14.640082614096405,23.59973671669878,10.023524184493018,2.9604161339799226,-4.616558429603387,5.484,same_team_directed_transition,1108.733,1109.6
173,6,17,team_1,team_0,33303,33329,33331,25,16,7,24.940036508565207,9.015449769030731,27.57220216711635,12.232861211399836,2.632165658551145,3.217411442369105,4.157,opponent_possession_change,1110.1,1110.967
174,17,12,team_0,team_0,33335,33338,33340,2,7,20,28.106105757087345,12.708410302261692,28.39810409927991,12.966759203291502,0.2919983421925636,0.25834890102981056,0.39,same_team_short_or_stationary_transition,1111.167,1111.267
175,23,15,team_1,team_1,33620,33653,33655,32,4,5,29.03236609874916,1.5442907464526332,26.106693963212134,2.0679844422352205,-2.9256721355370274,0.5236936957825873,2.972,same_team_directed_transition,1120.667,1121.767
176,6,25,team_1,team_0,34139,34145,34147,5,3,3,28.899578028935856,7.0449141675517835,29.437090556805302,6.777600252239344,0.5375125278694455,-0.26731391531243975,0.6,opponent_possession_change,1137.967,1138.167
177,15,25,team_1,team_0,34300,34304,34306,3,45,4,33.862141886716024,1.8377330462851145,33.87820964563522,1.6134570342824048,0.016067758919199093,-0.22427601200270963,0.225,opponent_possession_change,1143.333,1143.467
178,25,15,team_0,team_1,34307,34308,34310,0,4,5,33.86800025989002,1.4892255939426895,33.86052862956305,1.444625147672772,-0.007471630326968182,-0.04460044626991744,0.045,opponent_possession_change,1143.567,1143.6
179,19,23,team_1,team_1,35973,35990,35992,16,134,10,27.616737933154248,12.27437009141314,30.01650563280781,7.961491793312069,2.3997676996535624,-4.3128782981010705,4.936,same_team_directed_transition,1199.1,1199.667
180,23,6,team_1,team_1,35999,36031,36033,31,10,7,30.72555830331836,6.590251093665393,31.981353995206913,6.8077959420663525,1.2557956918885544,0.21754484840095945,1.274,same_team_directed_transition,1199.967,1201.033
181,15,25,team_1,team_0,36327,36337,36339,9,17,6,34.39056323902953,1.8082469091999915,33.69478231682748,4.65068525375866,-0.6957809222020543,2.8424383445586683,2.926,opponent_possession_change,1210.9,1211.233
182,0,29,team_1,team_0,36427,36428,36430,0,7,6,34.165286082810425,11.61766796047803,34.193161006707854,11.588711911844195,0.027874923897428516,-0.028956048633835607,0.04,opponent_possession_change,1214.233,1214.267
183,29,15,team_0,team_1,36433,36460,36462,26,6,3,34.40375748317619,11.189724181608966,34.660371795671665,5.3716078254959045,0.25661431249547206,-5.8181163561130615,5.824,opponent_possession_change,1214.433,1215.333
184,17,10,team_0,team_0,36640,36665,36667,24,4,152,41.011089835887404,12.066502680475,38.8917406879289,11.81606139135262,-2.119349147958502,-0.2504412891223815,2.134,same_team_directed_transition,1221.333,1222.167
185,12,20,team_0,team_0,37108,37146,37148,37,4,8,29.614945667485557,10.136235525270806,26.41557939366914,7.066194977387236,-3.199366273816416,-3.0700405478835693,4.434,same_team_directed_transition,1236.933,1238.2
186,11,0,team_1,team_1,37333,37360,37362,26,23,4,12.191924488361142,9.738331371571524,16.34902959015118,17.893109503897843,4.157105101790037,8.154778132326319,9.153,same_team_directed_transition,1244.433,1245.333
187,5,14,team_0,team_0,38417,38440,38442,22,41,21,27.755472858932045,11.131179724293384,24.74251286500795,11.124271300986678,-3.0129599939240954,-0.006908423306706268,3.013,same_team_directed_transition,1280.567,1281.333
188,14,19,team_0,team_1,38460,38461,38463,0,21,5,24.5283470581844,11.21227600651628,24.49325331224331,11.179563994511613,-0.03509374594109005,-0.03271201200466756,0.048,opponent_possession_change,1282.0,1282.033
189,19,14,team_1,team_0,38478,38479,38481,0,9,45,24.37561878425259,11.004990211937807,24.3471167108117,11.035652607037383,-0.028502073440890285,0.03066239509957569,0.042,opponent_possession_change,1282.6,1282.633
190,14,11,team_0,team_1,38999,39041,39043,41,23,10,20.142465437230708,17.366447485973822,9.961168723021053,14.216365376353066,-10.181296714209655,-3.1500821096207563,10.657,opponent_possession_change,1299.967,1301.367
191,11,1,team_1,team_1,39103,39143,39145,39,20,10,11.153520287201971,12.953267918658186,16.274231146729054,6.9499297155518205,5.120710859527083,-6.003338203106366,7.891,same_team_directed_transition,1303.433,1304.767
192,1,6,team_1,team_1,39180,39181,39183,0,6,9,18.73044719611366,6.632046723405379,18.8576051508107,6.579300470937798,0.12715795469704005,-0.05274625246758102,0.138,same_team_short_or_stationary_transition,1306.0,1306.033
193,10,25,team_0,team_0,39255,39259,39261,3,4,5,20.931841473330742,5.400713065870307,20.896671808119656,5.439146020143915,-0.035169665211086,0.03843295427360793,0.052,same_team_short_or_stationary_transition,1308.5,1308.633
194,25,10,team_0,team_0,39273,39291,39293,17,3,5,20.789844811881345,5.503757825097723,19.781717097444872,5.646523326346292,-1.0081277144364726,0.14276550124856957,1.018,same_team_directed_transition,1309.1,1309.7
195,10,2,team_0,team_0,39295,39296,39298,0,5,3,19.56427211888099,5.725734287134164,19.49546670878813,5.725992551198017,-0.06880541009286034,0.0002582640638530975,0.069,same_team_short_or_stationary_transition,1309.833,1309.867
196,2,12,team_0,team_0,39302,39303,39305,0,3,29,19.152971454584463,5.829240308056452,19.12655056527527,5.828847386480417,-0.026420889309193285,-0.00039292157603476596,0.026,same_team_short_or_stationary_transition,1310.067,1310.1
197,11,15,team_1,team_1,39746,39752,39754,5,41,4,10.585821672096785,8.647582268071975,10.874034962417307,8.694286046527752,0.2882132903205221,0.04670377845577711,0.292,same_team_short_or_stationary_transition,1324.867,1325.067
198,15,23,team_1,team_1,39762,39763,39765,0,6,45,11.504997296202434,8.891477405622695,11.527956652916178,8.892685172488536,0.022959356713743162,0.001207766865841009,0.023,same_team_short_or_stationary_transition,1325.4,1325.433
199,23,0,team_1,team_1,39807,39834,39836,26,45,6,14.426320175034505,12.163013541887281,16.570642045647027,17.9730745509186,2.144321870612522,5.810061009031319,6.193,same_team_directed_transition,1326.9,1327.8
200,20,2,team_0,team_0,41984,42019,42021,34,3,7,32.891428608449736,12.854947526529262,32.752396287640366,7.639369055403116,-0.13903232080937045,-5.215578471126146,5.217,same_team_directed_transition,1399.467,1400.633
201,2,0,team_0,team_1,42099,42119,42121,19,8,26,32.52858035356777,9.476739013359728,27.42235926203367,12.44550545928673,-5.106221091534099,2.9687664459270025,5.907,opponent_possession_change,1403.3,1403.967
202,0,19,team_1,team_1,42144,42159,42161,14,26,19,28.083812599095634,13.218240516516897,29.179474320520484,15.527363565793888,1.0956617214248503,2.309123049276991,2.556,same_team_directed_transition,1404.8,1405.3
203,19,12,team_1,team_0,42177,42197,42199,19,19,9,30.146474673213753,16.716761682606187,34.8679216282859,14.151819085298957,4.721446955072146,-2.5649425973072297,5.373,opponent_possession_change,1405.9,1406.567
204,32,11,team_1,team_1,42688,42689,42691,0,4,21,21.348067914908853,3.7682000631842354,21.372870763254397,3.8407620665758913,0.02480284834554425,0.07256200339165586,0.077,same_team_short_or_stationary_transition,1422.933,1422.967
205,11,0,team_1,team_1,42721,42766,42768,44,8,10,21.457152890947377,8.080231520849972,20.858112768424654,17.040126793810913,-0.5990401225227231,8.95989527296094,8.98,same_team_directed_transition,1424.033,1425.533
206,15,10,team_1,team_0,43532,43533,43535,0,19,3,36.67332566334864,10.874737312558096,36.72994514029087,10.794295237246267,0.05661947694223102,-0.08044207531182934,0.098,opponent_possession_change,1451.067,1451.1
207,25,19,team_0,team_1,44415,44440,44442,24,6,4,28.14306370327622,7.1156190931078385,28.16888276094786,5.1652049983746,0.025819057671640167,-1.9504140947332385,1.951,opponent_possession_change,1480.5,1481.333
208,2,24,team_0,team_1,44857,44858,44860,0,13,88,40.08727949622778,3.0359021081705486,40.062088885026434,3.003157151223697,-0.025190611201345803,-0.032744956946851644,0.041,opponent_possession_change,1495.233,1495.267
209,24,15,team_1,team_1,44945,44974,44976,28,88,4,40.15683161895923,2.4687210305285068,37.77208377999648,3.184846820661805,-2.3847478389627526,0.7161257901332982,2.49,same_team_directed_transition,1498.167,1499.133
210,23,16,team_1,team_1,45692,45693,45695,0,18,6,35.20630551162096,7.043632389942369,35.13242996695848,7.074248188810639,-0.07387554466247792,0.03061579886827026,0.08,same_team_short_or_stationary_transition,1523.067,1523.1
211,16,23,team_1,team_1,45698,45725,45727,26,6,35,34.65106977426064,7.450702270288703,32.2786325558214,6.2960406962612625,-2.372437218439238,-1.1546615740274406,2.639,same_team_directed_transition,1523.267,1524.167
212,23,19,team_1,team_1,45872,45890,45892,17,5,8,17.229839179761715,3.8342345025032722,18.880113424830377,5.792935870429543,1.6502742450686618,1.9587013679262704,2.561,same_team_directed_transition,1529.067,1529.667
213,19,12,team_1,team_0,46072,46118,46120,45,3,3,31.956645733287818,5.889340799480707,35.436892666401775,7.454521428022249,3.480246933113957,1.5651806285415422,3.816,opponent_possession_change,1535.733,1537.267
214,12,19,team_0,team_1,46120,46158,46160,37,3,9,35.52880261129818,7.3257923982154125,36.82021248773487,5.796209514694553,1.2914098764366884,-1.5295828835208596,2.002,opponent_possession_change,1537.333,1538.6
215,32,3,team_1,team_1,46686,46714,46716,27,14,4,17.624585467358482,-0.3411743667842898,16.108245660387126,0.35193805451027166,-1.5163398069713558,0.6931124212945614,1.667,same_team_directed_transition,1556.2,1557.133
216,3,0,team_1,team_1,46802,46844,46846,41,12,57,20.212620810774258,6.074492488270276,22.54534953426955,15.842577380177316,2.3327287234952934,9.76808489190704,10.043,same_team_directed_transition,1560.067,1561.467
217,0,32,team_1,team_1,46900,46928,46930,27,57,15,27.380725100879754,16.51429162716183,30.11814807406635,7.5558746137826915,2.7374229731865967,-8.958417013379137,9.367,same_team_directed_transition,1563.333,1564.267
218,32,20,team_1,team_0,47031,47040,47042,8,13,8,31.604708608903273,6.379477260829335,31.593378724662458,7.53176856321418,-0.011329884240815602,1.1522913023848451,1.152,opponent_possession_change,1567.7,1568.0
219,20,14,team_0,team_0,47047,47052,47054,4,8,18,31.38928051171866,9.019895818191987,31.241561264179563,10.020455177719946,-0.14771924753909715,1.0005593595279585,1.011,same_team_directed_transition,1568.233,1568.4
220,14,0,team_0,team_1,47069,47083,47085,13,18,18,30.991176732270826,12.671306556170418,30.70321723932773,14.60385659410855,-0.2879594929430951,1.9325500379381317,1.954,opponent_possession_change,1568.967,1569.433
221,0,2,team_1,team_0,47100,47125,47127,24,18,3,31.533194955857315,15.031423637360316,33.86806782304064,17.936085055888384,2.334872867183325,2.904661418528068,3.727,opponent_possession_change,1570.0,1570.833
222,12,1,team_0,team_1,48399,48443,48445,43,38,5,24.969403998525387,16.694155911872077,19.717465405875775,11.905650334833966,-5.251938592649612,-4.78850557703811,7.107,opponent_possession_change,1613.3,1614.767
223,1,32,team_1,team_1,48464,48495,48497,30,13,28,20.486825131915275,10.598610636651353,23.892490350890462,7.328471546712517,3.4056652189751873,-3.2701390899388354,4.721,same_team_directed_transition,1615.467,1616.5
224,32,1,team_1,team_1,48816,48858,48860,41,17,5,32.963064068381925,1.3086447695618568,27.839796068254316,3.8948717309317944,-5.123268000127609,2.5862269613699373,5.739,same_team_directed_transition,1627.2,1628.6
225,4,18,team_0,team_0,49071,49080,49082,8,4,57,42.13823464739746,14.656820609450262,41.65890460159204,15.398505406776916,-0.47933004580541905,0.7416847973266538,0.883,same_team_directed_transition,1635.7,1636.0
226,14,22,team_0,team_0,49603,49616,49618,12,19,3,22.504063358514077,11.280800046613518,22.510371056572648,11.31060985886561,0.0063076980585705655,0.02980981225209156,0.03,same_team_short_or_stationary_transition,1653.433,1653.867
227,22,13,team_0,team_0,49661,49669,49671,7,18,3,22.50882398955938,11.25198618232855,22.506619757022836,11.267727300338898,-0.0022042325365454474,0.015741118010348387,0.016,same_team_short_or_stationary_transition,1655.367,1655.633
228,1,32,team_1,team_1,49858,49903,49905,44,4,4,24.078687909506673,5.543161671662068,28.102014095606915,2.818510496724508,4.023326186100242,-2.7246511749375597,4.859,same_team_directed_transition,1661.933,1663.433
229,32,25,team_1,team_0,49999,50006,50008,6,6,6,32.10509293063592,6.002061708570348,31.529874023354694,8.295858212677713,-0.5752189072812257,2.293796504107365,2.365,opponent_possession_change,1666.633,1666.867
230,25,0,team_0,team_1,50011,50042,50044,30,6,6,31.814516287048157,8.582257076776214,31.49391124968581,13.72340941349294,-0.32060503736234836,5.141152336716726,5.151,opponent_possession_change,1667.033,1668.067
231,0,18,team_1,team_0,50089,50090,50092,0,8,3,34.04075943768046,18.54814392495432,34.057909985584665,18.61428369604005,0.017150547904208224,0.0661397710857301,0.068,opponent_possession_change,1669.633,1669.667
232,18,0,team_0,team_1,50092,50098,50100,5,3,5,34.082509986373786,18.880842700303326,34.43772290068014,19.66050047349498,0.3552129143063567,0.779657773191655,0.857,opponent_possession_change,1669.733,1669.933
233,0,2,team_1,team_0,50102,50103,50105,0,5,4,34.61761858829653,20.00906405716059,34.723868949406906,20.050173483283892,0.10625036111037645,0.041109426123302484,0.114,opponent_possession_change,1670.067,1670.1
234,4,2,team_0,team_0,50977,50995,50997,17,11,6,38.65450689337096,9.78371306329006,38.61610230884648,12.550250244812327,-0.03840458452447848,2.766537181522267,2.767,same_team_directed_transition,1699.233,1699.833
235,15,11,team_1,team_1,51157,51161,51163,3,6,4,33.496413676936776,9.696059420191844,31.73600497802227,12.145624369184896,-1.7604086989145067,2.4495649489930518,3.017,same_team_directed_transition,1705.233,1705.367
236,11,12,team_1,team_0,51202,51224,51226,21,14,6,32.220807183195056,12.458333804573524,33.93769841331906,10.320768395488093,1.7168912301240056,-2.137565409085431,2.742,opponent_possession_change,1706.733,1707.467
237,12,11,team_0,team_1,51258,51281,51283,22,3,10,33.77958488654282,9.6929785833571,32.808694181344464,10.091333652590068,-0.9708907051983573,0.39835506923296826,1.049,opponent_possession_change,1708.6,1709.367
238,11,10,team_1,team_0,51290,51291,51293,0,10,13,32.478135793727795,10.091802382033348,32.43190464587994,10.120056296177923,-0.046231147847855425,0.028253914144574566,0.054,opponent_possession_change,1709.667,1709.7
239,10,5,team_0,team_0,51383,51384,51386,0,27,9,25.140896167161472,10.656147265530985,25.129981783352246,10.663013034453927,-0.010914383809225825,0.00686576892294255,0.013,same_team_short_or_stationary_transition,1712.767,1712.8
240,5,0,team_0,team_1,51392,51437,51439,44,9,16,24.535646961648833,10.912086435810496,16.946305284315972,14.42904529799961,-7.589341677332861,3.5169588621891137,8.365,opponent_possession_change,1713.067,1714.567
241,0,5,team_1,team_0,51485,51486,51488,0,11,11,17.683151352184872,15.591572873220036,17.718155057603973,15.647602285109379,0.035003705419100584,0.05602941188934274,0.066,opponent_possession_change,1716.167,1716.2
242,5,0,team_0,team_1,51496,51500,51502,3,11,18,18.230612099313717,15.943248343698642,18.479409707573392,16.02224795862481,0.24879760825967523,0.07899961492616825,0.261,opponent_possession_change,1716.533,1716.667
243,0,10,team_1,team_0,51590,51591,51593,0,71,3,26.674808895361288,19.29198512841367,26.769502560133596,19.355749183267463,0.09469366477230778,0.06376405485379166,0.114,opponent_possession_change,1719.667,1719.7
244,10,0,team_0,team_1,51593,51594,51596,0,3,14,26.9520884146471,19.455927559443555,26.99579636284634,19.507910952184123,0.04370794819924129,0.05198339274056707,0.068,opponent_possession_change,1719.767,1719.8
245,0,10,team_1,team_0,51607,51608,51610,0,14,3,27.588477773366765,20.5998813353674,27.618233912366538,20.708381007243656,0.029756138999772475,0.10849967187625609,0.113,opponent_possession_change,1720.233,1720.267
246,5,10,team_0,team_0,51705,51706,51708,0,4,9,30.0064726513796,22.1612663953094,30.49314805578762,22.6042598072041,0.4866754044080217,0.442993411894701,0.658,same_team_directed_transition,1723.5,1723.533
247,23,6,team_1,team_1,54090,54119,54121,28,33,10,21.973364824279738,12.03132157618454,23.2695003764346,9.375100212960126,1.2961355521548619,-2.6562213632244145,2.956,same_team_directed_transition,1803.0,1803.967
248,6,16,team_1,team_1,54188,54226,54228,37,27,12,29.418934338417372,8.515845112551949,31.64259123612051,4.094998679651122,2.223656897703137,-4.420846432900826,4.949,same_team_directed_transition,1806.267,1807.533
249,16,20,team_1,team_0,54268,54269,54271,0,3,14,32.27540043931648,4.931677239134987,32.082614931195,5.502500484650607,-0.19278550812147444,0.5708232455156201,0.602,opponent_possession_change,1808.933,1808.967
250,20,1,team_0,team_1,54282,54325,54327,42,14,3,31.486839793890784,7.893997643959295,30.627627018220686,12.720100872780623,-0.8592127756700982,4.826103228821328,4.902,opponent_possession_change,1809.4,1810.833
251,1,18,team_1,team_0,54370,54371,54373,0,30,9,29.512378247118804,15.79153271670071,29.50452190827727,15.907603547484502,-0.007856338841534694,0.11607083078379254,0.116,opponent_possession_change,1812.333,1812.367
252,18,10,team_0,team_0,54379,54380,54382,0,9,3,29.458375028764223,16.239094537319783,29.39657354203591,16.23578369168426,-0.06180148672831365,-0.003310845635521531,0.062,same_team_short_or_stationary_transition,1812.633,1812.667
253,10,0,team_0,team_1,54382,54383,54385,0,3,32,29.352834720724566,16.266925695178664,29.337970787271935,16.266772141381573,-0.014863933452630818,-0.00015355379709092176,0.015,opponent_possession_change,1812.733,1812.767
254,0,12,team_1,team_0,54473,54484,54486,10,14,5,28.50521002207278,14.270401027817815,29.518303958887508,14.422935743446867,1.0130939368147267,0.1525347156290522,1.025,opponent_possession_change,1815.767,1816.133
255,12,2,team_0,team_0,54488,54490,54492,1,5,17,29.759166025094572,14.473824402014563,29.96395483365982,14.487850926049418,0.2047888085652474,0.014026524034855825,0.205,same_team_short_or_stationary_transition,1816.267,1816.333
256,32,12,team_1,team_0,54834,54857,54859,22,41,3,18.960175015471787,0.08169880775921805,18.9632201220086,0.125313093512636,0.0030451065368133357,0.043614285753417956,0.044,opponent_possession_change,1827.8,1828.567
257,12,10,team_0,team_0,55054,55086,55088,31,3,3,18.800008348909074,-0.12551823716645463,13.737513897447476,1.5764771689547692,-5.062494451461598,1.701995406121224,5.341,same_team_directed_transition,1835.133,1836.2
258,8,2,team_1,team_0,55383,55396,55398,12,38,5,0.5665021442435877,13.814498887740037,0.4515578917759236,14.65052668369319,-0.1149442524676641,0.8360277959531537,0.844,opponent_possession_change,1846.1,1846.533
259,2,38,team_0,team_1,55400,55402,55404,1,5,16,0.5247791902653793,14.789785224469878,0.6408632579442928,14.844293714835906,0.11608406767891344,0.054508490366028894,0.128,opponent_possession_change,1846.667,1846.733
260,38,2,team_1,team_0,55417,55418,55420,0,16,22,0.8859996909854186,14.92777636296192,0.9466938341543857,14.967397450935913,0.06069414316896704,0.039621087973992886,0.072,opponent_possession_change,1847.233,1847.267
261,2,1,team_0,team_1,57494,57496,57498,1,4,3,12.4856497282103,6.486389487377184,12.634591732597508,6.628856588436598,0.14894200438720873,0.14246710105941407,0.206,opponent_possession_change,1916.467,1916.533
262,1,2,team_1,team_0,57498,57499,57501,0,3,3,12.70632224218965,6.702643204636273,12.741943829065507,6.73931713561694,0.03562158687585715,0.03667393098066629,0.051,opponent_possession_change,1916.6,1916.633
263,2,1,team_0,team_1,57501,57502,57504,0,3,5,12.85007188032359,6.819036781930919,12.918540968343546,6.8825380193172006,0.0684690880199561,0.06350123738628177,0.093,opponent_possession_change,1916.7,1916.733
264,1,2,team_1,team_0,57506,57507,57509,0,5,4,13.11892733586641,7.063376650668088,13.181791336722439,7.115955559919076,0.06286400085602928,0.05257890925098785,0.082,opponent_possession_change,1916.867,1916.9
265,2,1,team_0,team_1,57510,57511,57513,0,4,11,13.277253389809328,7.19533808278824,13.33312789328682,7.2408506238579315,0.0558745034774919,0.045512541069691714,0.072,opponent_possession_change,1917.0,1917.033
266,1,3,team_1,team_1,57566,57569,57571,2,22,7,14.601498963042664,8.590501880756932,14.710529362715802,8.496451768445183,0.10903039967313788,-0.09405011231174853,0.144,same_team_short_or_stationary_transition,1918.867,1918.967
267,3,2,team_1,team_0,57575,57576,57578,0,7,3,14.88624725430167,8.389785151712431,14.917272919280203,8.39268098285611,0.03102566497853232,0.002895831143678862,0.031,opponent_possession_change,1919.167,1919.2
268,1,16,team_1,team_1,57699,57721,57723,21,4,3,11.800363945466325,0.2748539792090079,10.351840220194843,0.49062393135016735,-1.4485237252714818,0.21576995214115946,1.465,same_team_directed_transition,1923.3,1924.033
269,11,12,team_1,team_0,58195,58196,58198,0,4,11,12.012889254854038,15.094979583836361,12.571587015526013,15.699666927158196,0.5586977606719756,0.6046873433218352,0.823,opponent_possession_change,1939.833,1939.867
270,12,2,team_0,team_0,58223,58226,58228,2,3,10,16.28005040622594,19.327467101806462,16.66726642905946,19.70507070503812,0.3872160228335204,0.377603603231659,0.541,same_team_directed_transition,1940.767,1940.867
271,1,0,team_1,team_1,58339,58369,58371,29,13,14,27.04044709853582,20.30898684554231,27.15884374090748,17.611035370628233,0.11839664237165692,-2.6979514749140776,2.701,same_team_directed_transition,1944.633,1945.633
272,0,3,team_1,team_1,58382,58417,58419,34,14,3,27.426000351111536,16.418449617670465,28.282339979369034,14.460224491503118,0.8563396282574978,-1.9582251261673473,2.137,same_team_directed_transition,1946.067,1947.233
273,3,18,team_1,team_0,58419,58420,58422,0,3,5,28.3764696698682,14.324160717223597,28.48261110329275,14.229473790579423,0.10614143342455051,-0.09468692664417411,0.142,opponent_possession_change,1947.3,1947.333
274,18,6,team_0,team_1,58424,58458,58460,33,5,4,28.8106566404379,13.974835470388948,31.67401448939042,13.133793726382919,2.8633578489525178,-0.8410417440060289,2.984,opponent_possession_change,1947.467,1948.6
275,6,14,team_1,team_0,58461,58466,58468,4,4,7,31.84698731940548,13.12845876974258,32.20322071340019,13.105091510674592,0.35623339399471377,-0.02336725906798698,0.357,opponent_possession_change,1948.7,1948.867
276,23,6,team_1,team_1,58676,58677,58679,0,34,15,17.474243534020925,6.9356990931186235,17.4720718179663,6.980640448038958,-0.0021717160546259606,0.044941354920334575,0.045,same_team_short_or_stationary_transition,1955.867,1955.9
277,6,16,team_1,team_1,58691,58710,58712,18,15,10,17.733809515327497,6.540313197603189,18.213014821263826,6.601649465863699,0.47920530593632904,0.06133626826050964,0.483,same_team_short_or_stationary_transition,1956.367,1957.0
278,16,23,team_1,team_1,58750,58766,58768,15,26,6,18.656492920931683,7.299987428797299,19.076150662603943,8.012904215056983,0.41965774167226044,0.7129167862596839,0.827,same_team_directed_transition,1958.333,1958.867
279,23,11,team_1,team_1,58781,58782,58784,0,7,4,19.518187838783046,8.646295506938372,19.552095929425192,8.700585104789608,0.033908090642146504,0.05428959785123588,0.064,same_team_short_or_stationary_transition,1959.367,1959.4
280,11,23,team_1,team_1,58785,58794,58796,8,4,24,19.608323758931736,8.756129849971689,20.6302397556163,9.546972625627292,1.021915996684566,0.7908427756556033,1.292,same_team_directed_transition,1959.5,1959.8
281,0,5,team_1,team_0,58996,59019,59021,22,3,6,30.384507470079193,22.870229400900623,29.839384669467357,23.149517176926544,-0.5451228006118356,0.2792877760259209,0.613,opponent_possession_change,1966.533,1967.3
282,26,6,team_1,team_1,59525,59537,59539,11,3,20,22.51044062856741,14.297765902983986,23.28865305171915,13.317152473870447,0.7782124231517429,-0.9806134291135393,1.252,same_team_directed_transition,1984.167,1984.567
283,32,16,team_1,team_1,59777,59778,59780,0,11,13,30.33664704070985,1.7150219030631004,30.30718882369548,1.751560526770831,-0.029458217014369126,0.03653862370773053,0.047,same_team_short_or_stationary_transition,1992.567,1992.6
284,16,1,team_1,team_1,59808,59831,59833,22,14,8,28.79127911553385,4.191170862445429,27.29247190759223,7.373700736387672,-1.4988072079416206,3.1825298739422427,3.518,same_team_directed_transition,1993.6,1994.367
285,1,12,team_1,team_0,60142,60162,60164,19,3,4,29.672648291520694,22.871492935280205,32.65289167975746,15.159627387187834,2.980243388236765,-7.711865548092371,8.268,opponent_possession_change,2004.733,2005.4
286,0,5,team_1,team_0,60974,60988,60990,13,18,5,25.23840151393938,14.736120336298196,26.406326823497775,15.03138165224176,1.1679253095583952,0.29526131594356464,1.205,opponent_possession_change,2032.467,2032.933
287,5,23,team_0,team_1,60992,61029,61031,36,5,11,26.637669313847564,15.153990194252113,30.955338087715592,18.294001114150404,4.317668773868029,3.140010919898291,5.339,opponent_possession_change,2033.067,2034.3
288,23,20,team_1,team_0,61039,61047,61049,7,11,13,31.915822741378147,18.995712308840083,32.5336001678069,19.453034480304837,0.6177774264287557,0.45732217146475307,0.769,opponent_possession_change,2034.633,2034.9
289,22,3,team_0,team_1,61421,61422,61424,0,4,3,10.471708462327946,18.178187986529192,10.483991845652003,18.069264700192488,0.012283383324056985,-0.10892328633670445,0.11,opponent_possession_change,2047.367,2047.4
